-- MySQL dump 10.13  Distrib 8.0.21, for Win64 (x86_64)
--
-- Host: localhost    Database: cerexratecal_db
-- ------------------------------------------------------
-- Server version	8.0.21

/*!40101 SET @OLD_CHARACTER_SET_CLIENT=@@CHARACTER_SET_CLIENT */;
/*!40101 SET @OLD_CHARACTER_SET_RESULTS=@@CHARACTER_SET_RESULTS */;
/*!40101 SET @OLD_COLLATION_CONNECTION=@@COLLATION_CONNECTION */;
/*!50503 SET NAMES utf8 */;
/*!40103 SET @OLD_TIME_ZONE=@@TIME_ZONE */;
/*!40103 SET TIME_ZONE='+00:00' */;
/*!40014 SET @OLD_UNIQUE_CHECKS=@@UNIQUE_CHECKS, UNIQUE_CHECKS=0 */;
/*!40014 SET @OLD_FOREIGN_KEY_CHECKS=@@FOREIGN_KEY_CHECKS, FOREIGN_KEY_CHECKS=0 */;
/*!40101 SET @OLD_SQL_MODE=@@SQL_MODE, SQL_MODE='NO_AUTO_VALUE_ON_ZERO' */;
/*!40111 SET @OLD_SQL_NOTES=@@SQL_NOTES, SQL_NOTES=0 */;

--
-- Table structure for table `currency`
--

DROP TABLE IF EXISTS `currency`;
/*!40101 SET @saved_cs_client     = @@character_set_client */;
/*!50503 SET character_set_client = utf8mb4 */;
CREATE TABLE `currency` (
  `Id` int NOT NULL AUTO_INCREMENT,
  `RecordStatus` int NOT NULL,
  `CreatedBy` longtext CHARACTER SET utf8mb4 COLLATE utf8mb4_0900_ai_ci,
  `CreatedDate` datetime(6) NOT NULL,
  `ModifiedBy` longtext CHARACTER SET utf8mb4 COLLATE utf8mb4_0900_ai_ci,
  `ModifiedDate` datetime(6) DEFAULT NULL,
  `Name` longtext CHARACTER SET utf8mb4 COLLATE utf8mb4_0900_ai_ci,
  `Description` longtext CHARACTER SET utf8mb4 COLLATE utf8mb4_0900_ai_ci,
  `SortingOrder` int NOT NULL,
  `IsFrequentlyUsed` tinyint(1) NOT NULL,
  `CountryCode` longtext CHARACTER SET utf8mb4 COLLATE utf8mb4_0900_ai_ci,
  `CountryFlag` longtext CHARACTER SET utf8mb4 COLLATE utf8mb4_0900_ai_ci,
  `Code` longtext CHARACTER SET utf8mb4 COLLATE utf8mb4_0900_ai_ci,
  PRIMARY KEY (`Id`)
) ENGINE=InnoDB AUTO_INCREMENT=55 DEFAULT CHARSET=utf8mb4 COLLATE=utf8mb4_0900_ai_ci;
/*!40101 SET character_set_client = @saved_cs_client */;

--
-- Dumping data for table `currency`
--

LOCK TABLES `currency` WRITE;
/*!40000 ALTER TABLE `currency` DISABLE KEYS */;
INSERT INTO `currency` VALUES (1,1,'admin','2020-08-05 00:00:00.000000',NULL,NULL,'AUD','Australian Dollar',1,1,'AU','AU',NULL),(2,1,'admin','2020-08-05 00:00:00.000000',NULL,NULL,'LKR','Srilankan Rupee',2,1,'LK','Lk',NULL),(3,1,'admin','2020-08-13 00:00:00.000000',NULL,NULL,'BHD','Baharen ',3,1,'BHD','BHD',NULL),(4,1,'admin','2020-08-13 00:00:00.000000',NULL,NULL,'BTD','Bangaladesh ',4,1,'BTD','BTD',NULL),(5,1,'admin','2020-08-13 00:00:00.000000',NULL,NULL,'BND','Brunei currency',5,1,'BND','BND',NULL),(6,1,'admin','2020-08-13 00:00:00.000000',NULL,NULL,'BGN','Bulgaria Currency',6,1,'BGN','BGN',NULL),(7,1,'admin','2020-08-13 00:00:00.000000',NULL,NULL,'CAD','Canada Currency',7,1,'CAD','CAD',NULL),(8,1,'admin','2020-08-13 00:00:00.000000',NULL,NULL,'CNY','China Currency',8,1,'CNY','CNY',NULL),(9,1,'admin','2020-08-13 00:00:00.000000',NULL,NULL,'CZK','Czech Republic Currency',9,1,'CZK','CZK',NULL),(10,1,'admin','2020-08-13 00:00:00.000000',NULL,NULL,'DKK','Denmark Currency',10,1,'DKK','DKK',NULL),(11,1,'admin','2020-08-13 00:00:00.000000',NULL,NULL,'EGP','Egypt Currency',11,1,'EGP','EGP',NULL),(12,1,'admin','2020-08-13 00:00:00.000000',NULL,NULL,'ETB','Ethiopia Currency',12,1,'ETB','ETB',NULL),(13,1,'admin','2020-08-13 00:00:00.000000',NULL,NULL,'FJD','Fiji Currency',13,1,'FJD','FJD',NULL),(14,1,'admin','2020-08-13 00:00:00.000000',NULL,NULL,'GMD','Gambia Currency',14,1,'GMD','GMD',NULL),(15,1,'admin','2020-08-13 00:00:00.000000',NULL,NULL,'GHS','Gahana Currency',15,1,'GHS','GHS',NULL),(16,1,'admin','2020-08-13 00:00:00.000000',NULL,NULL,'HKD','Hong Kong Currency',16,1,'HKD','HKD',NULL),(17,1,'admin','2020-08-13 00:00:00.000000',NULL,NULL,'HUF','Hungary Currency',17,1,'HUF','HUF',NULL),(18,1,'admin','2020-08-13 00:00:00.000000',NULL,NULL,'IDR','Indonesia Currency',18,1,'IDR','IDR',NULL),(19,1,'admin','2020-08-13 00:00:00.000000',NULL,NULL,'USD','Iraq Currency',19,1,'USD','USD',NULL),(20,1,'admin','2020-08-13 00:00:00.000000',NULL,NULL,'ILS','Israel Currency',20,1,'ILS','ILS',NULL),(21,1,'admin','2020-08-13 00:00:00.000000',NULL,NULL,'INR','India Currency',21,1,'INR','INR',NULL),(22,1,'admin','2020-08-13 00:00:00.000000',NULL,NULL,'JOD','Jordan Currency',22,1,'JOD','JOD',NULL),(23,1,'admin','2020-08-13 00:00:00.000000',NULL,NULL,'JPY','Japan Currency',23,1,'JPY','JPY',NULL),(24,1,'admin','2020-08-13 00:00:00.000000',NULL,NULL,'KES','Kenya Currency',24,1,'KES','KES',NULL),(25,1,'admin','2020-08-13 00:00:00.000000',NULL,NULL,'KWD','Kuwait Currency',25,1,'KWD','KWD',NULL),(26,1,'admin','2020-08-13 00:00:00.000000',NULL,NULL,'LVL','Lativia Currency',26,1,'LVL','LVL',NULL),(27,1,'admin','2020-08-13 00:00:00.000000',NULL,NULL,'LBP','Lebonon Currency',27,1,'LBP','LBP',NULL),(28,1,'admin','2020-08-13 00:00:00.000000',NULL,NULL,'LTL','Lituania Currency',28,1,'LTL','LTL',NULL),(29,1,'admin','2020-08-13 00:00:00.000000',NULL,NULL,'MYR','Malasia Currency',29,1,'MYR','MYR',NULL),(30,1,'admin','2020-08-13 00:00:00.000000',NULL,NULL,'MXN','Maxico',30,1,'MXN','MXN',NULL),(31,1,'admin','2020-08-13 00:00:00.000000',NULL,NULL,'MAD','Morocco Currency',31,1,'MAD','MAD',NULL),(32,1,'admin','2020-08-13 00:00:00.000000',NULL,NULL,'NPR','Nepal Currency',32,1,'NPR','NPR',NULL),(33,1,'admin','2020-08-13 00:00:00.000000',NULL,NULL,'NZD','NewZealand Curreency',33,1,'NZD','NZD',NULL),(34,1,'admin','2020-08-13 00:00:00.000000',NULL,NULL,'NOK','Norway Currency',34,1,'NOK','NOK',NULL),(35,1,'admin','2020-08-13 00:00:00.000000',NULL,NULL,'OMR','Orman Currency',35,1,'OMR','OMR',NULL),(36,1,'admin','2020-08-13 00:00:00.000000',NULL,NULL,'PKR','Pakistan Currency',36,1,'PKR','PKR',NULL),(37,1,'admin','2020-08-13 00:00:00.000000',NULL,NULL,'PHP','Philipin Currency',37,1,'PHP','PHP',NULL),(38,1,'admin','2020-08-13 00:00:00.000000',NULL,NULL,'PLN','Poland Currency',38,1,'PLN','PLN',NULL),(39,1,'admin','2020-08-13 00:00:00.000000',NULL,NULL,'QAR','Quatar Currency',39,1,'QAR','QAR',NULL),(40,1,'admin','2020-08-13 00:00:00.000000',NULL,NULL,'RON','Romania Currency',40,1,'RON','RON',NULL),(41,1,'admin','2020-08-13 00:00:00.000000',NULL,NULL,'SAR','Saudi Currency',41,1,'SAR','SAR',NULL),(42,1,'admin','2020-08-13 00:00:00.000000',NULL,NULL,'SLL','Sierra Leone Currency',42,1,'SLL','SLL',NULL),(43,1,'admin','2020-08-13 00:00:00.000000',NULL,NULL,'SGD','Singapore Currency',43,1,'SGD','SGD',NULL),(44,1,'admin','2020-08-13 00:00:00.000000',NULL,NULL,'ZAR','South Africa Currency',44,1,'ZAR','ZAR',NULL),(45,1,'admin','2020-08-13 00:00:00.000000',NULL,NULL,'SEK','Swden Currency',45,1,'SEK','SEK',NULL),(46,1,'admin','2020-08-13 00:00:00.000000',NULL,NULL,'CHF','Switzerland Currency',46,1,'CHF','CHF',NULL),(47,1,'admin','2020-08-13 00:00:00.000000',NULL,NULL,'XOF','Togo Currency',47,1,'XOF','XOF',NULL),(48,1,'admin','2020-08-13 00:00:00.000000',NULL,NULL,'TRY','Turkey Currency',48,1,'TRY','TRY',NULL),(49,1,'admin','2020-08-13 00:00:00.000000',NULL,NULL,'THB','Thailand Currency',49,1,'THB','THB',NULL),(50,1,'admin','2020-08-13 00:00:00.000000',NULL,NULL,'USD','Thailand Currency',50,1,'USD','USD',NULL),(51,1,'admin','2020-08-13 00:00:00.000000',NULL,NULL,'UGX','Uganda Currency',51,1,'UGX','UGX',NULL),(52,1,'admin','2020-08-13 00:00:00.000000',NULL,NULL,'AED','Emirates Currency',52,1,'AED','AED',NULL),(53,1,'admin','2020-08-13 00:00:00.000000',NULL,NULL,'EUR','Euros',53,1,'EUR','EUR',NULL),(54,1,'admin','2020-08-13 00:00:00.000000',NULL,NULL,'GBP','UK Pounds',54,1,'GBP','GBP',NULL);
/*!40000 ALTER TABLE `currency` ENABLE KEYS */;
UNLOCK TABLES;

--
-- Table structure for table `currencyrate`
--

DROP TABLE IF EXISTS `currencyrate`;
/*!40101 SET @saved_cs_client     = @@character_set_client */;
/*!50503 SET character_set_client = utf8mb4 */;
CREATE TABLE `currencyrate` (
  `Id` int NOT NULL AUTO_INCREMENT,
  `FromCurrencyId` int NOT NULL,
  `ToCurrencyId` int NOT NULL,
  `Rate` decimal(65,30) NOT NULL,
  `RateSnapshotId` int NOT NULL,
  `FromCurrencyCode` longtext CHARACTER SET utf8mb4 COLLATE utf8mb4_0900_ai_ci,
  `ToCurrencyCode` longtext CHARACTER SET utf8mb4 COLLATE utf8mb4_0900_ai_ci,
  PRIMARY KEY (`Id`),
  KEY `IX_CurrencyRate_FromCurrencyId` (`FromCurrencyId`),
  KEY `IX_CurrencyRate_RateSnapshotId` (`RateSnapshotId`),
  KEY `IX_CurrencyRate_ToCurrencyId` (`ToCurrencyId`),
  CONSTRAINT `FK_CurrencyRate_Currency_FromCurrencyId` FOREIGN KEY (`FromCurrencyId`) REFERENCES `currency` (`Id`) ON DELETE CASCADE,
  CONSTRAINT `FK_CurrencyRate_Currency_ToCurrencyId` FOREIGN KEY (`ToCurrencyId`) REFERENCES `currency` (`Id`) ON DELETE CASCADE,
  CONSTRAINT `FK_CurrencyRate_RateSnapshot_RateSnapshotId` FOREIGN KEY (`RateSnapshotId`) REFERENCES `ratesnapshot` (`Id`) ON DELETE CASCADE
) ENGINE=InnoDB AUTO_INCREMENT=278 DEFAULT CHARSET=utf8mb4 COLLATE=utf8mb4_0900_ai_ci;
/*!40101 SET character_set_client = @saved_cs_client */;

--
-- Dumping data for table `currencyrate`
--

LOCK TABLES `currencyrate` WRITE;
/*!40000 ALTER TABLE `currencyrate` DISABLE KEYS */;
INSERT INTO `currencyrate` VALUES (30,1,19,0.766900000000000000000000000000,21,'AUD','USD'),(31,1,19,0.766900000000000000000000000000,21,'AUD','USD'),(32,1,50,0.766900000000000000000000000000,21,'AUD','USD'),(33,19,53,0.843165000000000000000000000000,21,'USD','EUR'),(34,19,2,183.801530000000000000000000000000,21,'USD','LKR'),(35,19,54,0.763665000000000000000000000000,21,'USD','GBP'),(36,19,21,74.774301000000000000000000000000,21,'USD','INR'),(37,19,36,168.250217000000000000000000000000,21,'USD','PKR'),(38,19,20,3.406720000000000000000000000000,21,'USD','ILS'),(39,19,16,7.750450000000000000000000000000,21,'USD','HKD'),(40,1,19,0.766900000000000000000000000000,22,'AUD','USD'),(41,1,19,0.766900000000000000000000000000,22,'AUD','USD'),(42,1,50,0.766900000000000000000000000000,22,'AUD','USD'),(43,19,53,0.843165000000000000000000000000,22,'USD','EUR'),(44,19,2,183.801530000000000000000000000000,22,'USD','LKR'),(45,19,54,0.763665000000000000000000000000,22,'USD','GBP'),(46,19,21,74.774301000000000000000000000000,22,'USD','INR'),(47,19,36,168.250217000000000000000000000000,22,'USD','PKR'),(48,19,20,3.406720000000000000000000000000,22,'USD','ILS'),(49,19,16,7.750450000000000000000000000000,22,'USD','HKD'),(50,1,19,0.766900000000000000000000000000,23,'AUD','USD'),(51,1,19,0.766900000000000000000000000000,23,'AUD','USD'),(52,1,50,0.766900000000000000000000000000,23,'AUD','USD'),(53,19,53,0.837603000000000000000000000000,23,'USD','EUR'),(54,19,2,185.879410000000000000000000000000,23,'USD','LKR'),(55,19,54,0.746905000000000000000000000000,23,'USD','GBP'),(56,19,21,73.071597000000000000000000000000,23,'USD','INR'),(57,19,36,165.377230000000000000000000000000,23,'USD','PKR'),(58,19,20,3.355060000000000000000000000000,23,'USD','ILS'),(59,19,16,7.750050000000000000000000000000,23,'USD','HKD'),(60,1,19,0.706290000000000000000000000000,24,'AUD','USD'),(61,1,19,0.706290000000000000000000000000,24,'AUD','USD'),(62,1,50,0.706270000000000000000000000000,24,'AUD','USD'),(63,19,53,0.858035000000000000000000000000,24,'USD','EUR'),(64,19,2,185.222230000000000000000000000000,24,'USD','LKR'),(65,19,54,0.778595000000000000000000000000,24,'USD','GBP'),(66,19,21,73.829550000000000000000000000000,24,'USD','INR'),(67,19,36,166.250314000000000000000000000000,24,'USD','PKR'),(68,19,20,3.461675000000000000000000000000,24,'USD','ILS'),(69,19,16,7.750250000000000000000000000000,24,'USD','HKD'),(70,19,19,1.000000000000000000000000000000,25,'USD','USD'),(71,19,1,1.377790000000000000000000000000,25,'USD','AUD'),(72,19,53,0.842151000000000000000000000000,25,'USD','EUR'),(73,19,2,184.398112000000000000000000000000,25,'USD','LKR'),(74,19,54,0.760023000000000000000000000000,25,'USD','GBP'),(75,19,21,73.981150000000000000000000000000,25,'USD','INR'),(76,19,36,159.150375000000000000000000000000,25,'USD','PKR'),(77,19,20,3.374960000000000000000000000000,25,'USD','ILS'),(78,19,16,7.752565000000000000000000000000,25,'USD','HKD'),(79,1,19,0.730000000000000000000000000000,25,'AUD','USD'),(80,1,19,0.000000000000000000000000000000,25,'AUD','USD'),(81,1,50,0.000000000000000000000000000000,25,'AUD','USD'),(82,19,19,1.000000000000000000000000000000,26,'USD','USD'),(83,19,1,1.377790000000000000000000000000,26,'USD','AUD'),(84,19,53,0.842151000000000000000000000000,26,'USD','EUR'),(85,19,2,184.398112000000000000000000000000,26,'USD','LKR'),(86,19,54,0.760023000000000000000000000000,26,'USD','GBP'),(87,19,21,73.981150000000000000000000000000,26,'USD','INR'),(88,19,36,159.150375000000000000000000000000,26,'USD','PKR'),(89,19,20,3.374960000000000000000000000000,26,'USD','ILS'),(90,19,16,7.752565000000000000000000000000,26,'USD','HKD'),(91,1,19,0.730000000000000000000000000000,26,'AUD','USD'),(92,1,19,0.729390000000000000000000000000,26,'AUD','USD'),(93,1,50,0.729340000000000000000000000000,26,'AUD','USD'),(94,1,19,0.000000000000000000000000000000,27,'AUD','USD'),(95,1,19,0.000000000000000000000000000000,27,'AUD','USD'),(96,1,50,0.000000000000000000000000000000,27,'AUD','USD'),(97,1,53,0.000000000000000000000000000000,27,'AUD','EUR'),(98,1,2,0.000000000000000000000000000000,27,'AUD','LKR'),(99,1,54,0.000000000000000000000000000000,27,'AUD','GBP'),(100,1,21,0.000000000000000000000000000000,27,'AUD','INR'),(101,1,36,0.000000000000000000000000000000,27,'AUD','PKR'),(102,1,20,0.000000000000000000000000000000,27,'AUD','ILS'),(103,1,16,0.000000000000000000000000000000,27,'AUD','HKD'),(104,19,19,0.000000000000000000000000000000,27,'USD','USD'),(105,19,50,0.000000000000000000000000000000,27,'USD','USD'),(106,19,53,0.000000000000000000000000000000,27,'USD','EUR'),(107,19,2,0.000000000000000000000000000000,27,'USD','LKR'),(108,19,54,0.000000000000000000000000000000,27,'USD','GBP'),(109,19,21,0.000000000000000000000000000000,27,'USD','INR'),(110,19,36,0.000000000000000000000000000000,27,'USD','PKR'),(111,19,20,0.000000000000000000000000000000,27,'USD','ILS'),(112,19,16,0.000000000000000000000000000000,27,'USD','HKD'),(113,19,19,1.000000000000000000000000000000,27,'USD','USD'),(114,19,50,1.000000000000000000000000000000,27,'USD','USD'),(115,19,53,0.846235000000000000000000000000,27,'USD','EUR'),(116,19,2,184.628116000000000000000000000000,27,'USD','LKR'),(117,19,54,0.761015000000000000000000000000,27,'USD','GBP'),(118,19,21,73.964901000000000000000000000000,27,'USD','INR'),(119,19,36,158.904060000000000000000000000000,27,'USD','PKR'),(120,19,20,3.364460000000000000000000000000,27,'USD','ILS'),(121,19,16,7.753210000000000000000000000000,27,'USD','HKD'),(122,1,19,0.000000000000000000000000000000,28,'AUD','USD'),(123,1,19,0.000000000000000000000000000000,28,'AUD','USD'),(124,1,50,0.000000000000000000000000000000,28,'AUD','USD'),(125,1,53,0.000000000000000000000000000000,28,'AUD','EUR'),(126,1,2,0.000000000000000000000000000000,28,'AUD','LKR'),(127,1,54,0.000000000000000000000000000000,28,'AUD','GBP'),(128,1,21,0.000000000000000000000000000000,28,'AUD','INR'),(129,1,36,0.000000000000000000000000000000,28,'AUD','PKR'),(130,1,20,0.000000000000000000000000000000,28,'AUD','ILS'),(131,1,16,0.000000000000000000000000000000,28,'AUD','HKD'),(132,19,19,0.000000000000000000000000000000,28,'USD','USD'),(133,19,50,0.000000000000000000000000000000,28,'USD','USD'),(134,19,53,0.000000000000000000000000000000,28,'USD','EUR'),(135,19,2,0.000000000000000000000000000000,28,'USD','LKR'),(136,19,54,0.000000000000000000000000000000,28,'USD','GBP'),(137,19,21,0.000000000000000000000000000000,28,'USD','INR'),(138,19,36,0.000000000000000000000000000000,28,'USD','PKR'),(139,19,20,0.000000000000000000000000000000,28,'USD','ILS'),(140,19,16,0.000000000000000000000000000000,28,'USD','HKD'),(141,19,19,1.000000000000000000000000000000,28,'USD','USD'),(142,19,50,1.000000000000000000000000000000,28,'USD','USD'),(143,19,53,0.846235000000000000000000000000,28,'USD','EUR'),(144,19,2,184.628116000000000000000000000000,28,'USD','LKR'),(145,19,54,0.761015000000000000000000000000,28,'USD','GBP'),(146,19,21,73.964901000000000000000000000000,28,'USD','INR'),(147,19,36,158.904060000000000000000000000000,28,'USD','PKR'),(148,19,20,3.364460000000000000000000000000,28,'USD','ILS'),(149,19,16,7.753210000000000000000000000000,28,'USD','HKD'),(150,1,19,0.000000000000000000000000000000,29,'AUD','USD'),(151,1,19,0.000000000000000000000000000000,29,'AUD','USD'),(152,1,50,0.000000000000000000000000000000,29,'AUD','USD'),(153,1,53,0.000000000000000000000000000000,29,'AUD','EUR'),(154,1,2,0.000000000000000000000000000000,29,'AUD','LKR'),(155,1,54,0.000000000000000000000000000000,29,'AUD','GBP'),(156,1,21,0.000000000000000000000000000000,29,'AUD','INR'),(157,1,36,0.000000000000000000000000000000,29,'AUD','PKR'),(158,1,20,0.000000000000000000000000000000,29,'AUD','ILS'),(159,1,16,0.000000000000000000000000000000,29,'AUD','HKD'),(160,19,19,0.000000000000000000000000000000,29,'USD','USD'),(161,19,50,0.000000000000000000000000000000,29,'USD','USD'),(162,19,53,0.000000000000000000000000000000,29,'USD','EUR'),(163,19,2,0.000000000000000000000000000000,29,'USD','LKR'),(164,19,54,0.000000000000000000000000000000,29,'USD','GBP'),(165,19,21,0.000000000000000000000000000000,29,'USD','INR'),(166,19,36,0.000000000000000000000000000000,29,'USD','PKR'),(167,19,20,0.000000000000000000000000000000,29,'USD','ILS'),(168,19,16,0.000000000000000000000000000000,29,'USD','HKD'),(169,19,19,1.000000000000000000000000000000,29,'USD','USD'),(170,19,50,1.000000000000000000000000000000,29,'USD','USD'),(171,19,53,0.846235000000000000000000000000,29,'USD','EUR'),(172,19,2,184.628116000000000000000000000000,29,'USD','LKR'),(173,19,54,0.761015000000000000000000000000,29,'USD','GBP'),(174,19,21,73.964901000000000000000000000000,29,'USD','INR'),(175,19,36,158.904060000000000000000000000000,29,'USD','PKR'),(176,19,20,3.364460000000000000000000000000,29,'USD','ILS'),(177,19,16,7.753210000000000000000000000000,29,'USD','HKD'),(178,1,19,0.730000000000000000000000000000,30,'AUD','USD'),(179,1,19,0.000000000000000000000000000000,30,'AUD','USD'),(180,1,50,0.000000000000000000000000000000,30,'AUD','USD'),(181,1,53,0.000000000000000000000000000000,30,'AUD','EUR'),(182,1,2,0.000000000000000000000000000000,30,'AUD','LKR'),(183,1,54,0.000000000000000000000000000000,30,'AUD','GBP'),(184,1,21,0.000000000000000000000000000000,30,'AUD','INR'),(185,1,36,0.000000000000000000000000000000,30,'AUD','PKR'),(186,1,20,0.000000000000000000000000000000,30,'AUD','ILS'),(187,1,16,0.000000000000000000000000000000,30,'AUD','HKD'),(188,19,19,0.000000000000000000000000000000,30,'USD','USD'),(189,19,50,0.000000000000000000000000000000,30,'USD','USD'),(190,19,53,0.000000000000000000000000000000,30,'USD','EUR'),(191,19,2,0.000000000000000000000000000000,30,'USD','LKR'),(192,19,54,0.000000000000000000000000000000,30,'USD','GBP'),(193,19,21,0.000000000000000000000000000000,30,'USD','INR'),(194,19,36,0.000000000000000000000000000000,30,'USD','PKR'),(195,19,20,0.000000000000000000000000000000,30,'USD','ILS'),(196,19,16,0.000000000000000000000000000000,30,'USD','HKD'),(197,19,19,1.000000000000000000000000000000,30,'USD','USD'),(198,19,50,1.000000000000000000000000000000,30,'USD','USD'),(199,19,53,0.846235000000000000000000000000,30,'USD','EUR'),(200,19,2,184.628116000000000000000000000000,30,'USD','LKR'),(201,19,54,0.761015000000000000000000000000,30,'USD','GBP'),(202,19,21,73.964901000000000000000000000000,30,'USD','INR'),(203,19,36,158.904060000000000000000000000000,30,'USD','PKR'),(204,19,20,3.364460000000000000000000000000,30,'USD','ILS'),(205,19,16,7.753210000000000000000000000000,30,'USD','HKD'),(206,1,19,0.731890000000000000000000000000,32,'AUD','USD'),(207,1,19,0.731890000000000000000000000000,32,'AUD','USD'),(208,1,50,0.731890000000000000000000000000,32,'AUD','USD'),(209,1,53,0.615949000000000000000000000000,32,'AUD','EUR'),(210,1,2,0.000000000000000000000000000000,32,'AUD','LKR'),(211,1,54,0.555340000000000000000000000000,32,'AUD','GBP'),(212,1,21,0.000000000000000000000000000000,32,'AUD','INR'),(213,1,36,0.000000000000000000000000000000,32,'AUD','PKR'),(214,1,20,0.000000000000000000000000000000,32,'AUD','ILS'),(215,1,16,5.674300000000000000000000000000,32,'AUD','HKD'),(216,19,19,0.000000000000000000000000000000,32,'USD','USD'),(217,19,50,0.000000000000000000000000000000,32,'USD','USD'),(218,19,53,0.841482000000000000000000000000,32,'USD','EUR'),(219,19,2,0.000000000000000000000000000000,32,'USD','LKR'),(220,19,54,0.758714000000000000000000000000,32,'USD','GBP'),(221,19,21,0.000000000000000000000000000000,32,'USD','INR'),(222,19,36,0.000000000000000000000000000000,32,'USD','PKR'),(223,19,20,3.356200000000000000000000000000,32,'USD','ILS'),(224,19,16,7.752130000000000000000000000000,32,'USD','HKD'),(225,19,19,1.000000000000000000000000000000,32,'USD','USD'),(226,19,50,1.000000000000000000000000000000,32,'USD','USD'),(227,19,2,184.628116000000000000000000000000,32,'USD','LKR'),(228,19,21,73.964901000000000000000000000000,32,'USD','INR'),(229,19,36,158.904060000000000000000000000000,32,'USD','PKR'),(230,1,19,0.727700000000000000000000000000,33,'AUD','USD'),(231,1,19,0.727700000000000000000000000000,33,'AUD','USD'),(232,1,50,0.727700000000000000000000000000,33,'AUD','USD'),(233,1,53,0.615604000000000000000000000000,33,'AUD','EUR'),(234,1,2,0.000000000000000000000000000000,33,'AUD','LKR'),(235,1,54,0.552273000000000000000000000000,33,'AUD','GBP'),(236,1,21,0.000000000000000000000000000000,33,'AUD','INR'),(237,1,36,0.000000000000000000000000000000,33,'AUD','PKR'),(238,1,20,0.000000000000000000000000000000,33,'AUD','ILS'),(239,1,16,5.641900000000000000000000000000,33,'AUD','HKD'),(240,19,19,0.000000000000000000000000000000,33,'USD','USD'),(241,19,50,0.000000000000000000000000000000,33,'USD','USD'),(242,19,53,0.845852000000000000000000000000,33,'USD','EUR'),(243,19,2,0.000000000000000000000000000000,33,'USD','LKR'),(244,19,54,0.758887000000000000000000000000,33,'USD','GBP'),(245,19,21,0.000000000000000000000000000000,33,'USD','INR'),(246,19,36,0.000000000000000000000000000000,33,'USD','PKR'),(247,19,20,3.358000000000000000000000000000,33,'USD','ILS'),(248,19,16,7.752150000000000000000000000000,33,'USD','HKD'),(249,19,19,1.000000000000000000000000000000,33,'USD','USD'),(250,19,50,1.000000000000000000000000000000,33,'USD','USD'),(251,19,2,184.628116000000000000000000000000,33,'USD','LKR'),(252,19,21,73.964901000000000000000000000000,33,'USD','INR'),(253,19,36,158.904060000000000000000000000000,33,'USD','PKR'),(254,1,19,0.727750000000000000000000000000,34,'AUD','USD'),(255,1,19,0.727750000000000000000000000000,34,'AUD','USD'),(256,1,50,0.727750000000000000000000000000,34,'AUD','USD'),(257,1,53,0.615635000000000000000000000000,34,'AUD','EUR'),(258,1,2,0.000000000000000000000000000000,34,'AUD','LKR'),(259,1,54,0.552212000000000000000000000000,34,'AUD','GBP'),(260,1,21,0.000000000000000000000000000000,34,'AUD','INR'),(261,1,36,0.000000000000000000000000000000,34,'AUD','PKR'),(262,1,20,0.000000000000000000000000000000,34,'AUD','ILS'),(263,1,16,5.641800000000000000000000000000,34,'AUD','HKD'),(264,19,19,0.000000000000000000000000000000,34,'USD','USD'),(265,19,50,0.000000000000000000000000000000,34,'USD','USD'),(266,19,53,0.845888000000000000000000000000,34,'USD','EUR'),(267,19,2,0.000000000000000000000000000000,34,'USD','LKR'),(268,19,54,0.758823000000000000000000000000,34,'USD','GBP'),(269,19,21,0.000000000000000000000000000000,34,'USD','INR'),(270,19,36,0.000000000000000000000000000000,34,'USD','PKR'),(271,19,20,3.358000000000000000000000000000,34,'USD','ILS'),(272,19,16,7.752490000000000000000000000000,34,'USD','HKD'),(273,19,19,1.000000000000000000000000000000,34,'USD','USD'),(274,19,50,1.000000000000000000000000000000,34,'USD','USD'),(275,19,2,184.628116000000000000000000000000,34,'USD','LKR'),(276,19,21,73.964901000000000000000000000000,34,'USD','INR'),(277,19,36,158.904060000000000000000000000000,34,'USD','PKR');
/*!40000 ALTER TABLE `currencyrate` ENABLE KEYS */;
UNLOCK TABLES;

--
-- Table structure for table `group`
--

DROP TABLE IF EXISTS `group`;
/*!40101 SET @saved_cs_client     = @@character_set_client */;
/*!50503 SET character_set_client = utf8mb4 */;
CREATE TABLE `group` (
  `Id` int NOT NULL AUTO_INCREMENT,
  `RecordStatus` int NOT NULL,
  `CreatedBy` longtext CHARACTER SET utf8mb4 COLLATE utf8mb4_0900_ai_ci,
  `CreatedDate` datetime(6) NOT NULL,
  `ModifiedBy` longtext CHARACTER SET utf8mb4 COLLATE utf8mb4_0900_ai_ci,
  `ModifiedDate` datetime(6) DEFAULT NULL,
  `Name` longtext CHARACTER SET utf8mb4 COLLATE utf8mb4_0900_ai_ci,
  `Description` longtext CHARACTER SET utf8mb4 COLLATE utf8mb4_0900_ai_ci,
  `SortingOrder` int DEFAULT NULL,
  PRIMARY KEY (`Id`)
) ENGINE=InnoDB AUTO_INCREMENT=19 DEFAULT CHARSET=utf8mb4 COLLATE=utf8mb4_0900_ai_ci;
/*!40101 SET character_set_client = @saved_cs_client */;

--
-- Dumping data for table `group`
--

LOCK TABLES `group` WRITE;
/*!40000 ALTER TABLE `group` DISABLE KEYS */;
INSERT INTO `group` VALUES (1,1,NULL,'2020-08-05 12:26:51.071260',NULL,NULL,'CE BUYS NOTES','CE BUYS NOTES',1),(2,1,NULL,'2020-08-05 12:58:00.793401',NULL,NULL,'CE SELLS NOTES','CE SELLS NOTES',2),(3,1,NULL,'2020-08-05 12:59:23.823238',NULL,NULL,'TTs','TTs',3),(4,1,NULL,'2020-08-05 13:12:27.468942',NULL,NULL,'Bank rate for NRI/ NRFc a/c','Bank rate for NRI/ NRFc a/c',5),(5,1,NULL,'2020-08-05 13:43:38.871362',NULL,NULL,'CeyCash','CeyCash',4),(6,1,NULL,'2020-08-05 13:47:58.115187',NULL,NULL,'USD Cash (all other countries)','USD Cash (all other countries)',6),(7,3,NULL,'2020-08-11 18:00:50.313244',NULL,NULL,NULL,NULL,NULL),(8,3,NULL,'2020-08-11 18:01:50.151958',NULL,NULL,'hhghdhgh',NULL,NULL),(9,3,NULL,'2020-08-11 18:07:39.044273',NULL,NULL,NULL,NULL,NULL),(10,3,NULL,'2020-08-11 18:13:36.095224',NULL,NULL,NULL,NULL,NULL),(11,3,NULL,'2020-08-11 18:19:51.137545',NULL,NULL,NULL,NULL,NULL),(12,3,NULL,'2020-08-11 18:20:46.405002',NULL,NULL,NULL,NULL,NULL),(13,3,NULL,'2020-08-11 18:21:15.328455',NULL,NULL,NULL,NULL,NULL),(14,3,NULL,'2020-08-11 18:24:46.538132',NULL,NULL,'gfhghfdhfsh','fhshfhsshf',456),(15,3,NULL,'2020-08-11 19:21:22.752257',NULL,NULL,NULL,NULL,NULL),(16,3,NULL,'2020-08-11 19:58:08.930258',NULL,NULL,NULL,NULL,NULL),(17,3,NULL,'2020-08-11 20:06:28.588038',NULL,NULL,NULL,NULL,NULL),(18,3,NULL,'2020-08-11 20:32:38.380826',NULL,NULL,'group 7','new Group 7 currency',20);
/*!40000 ALTER TABLE `group` ENABLE KEYS */;
UNLOCK TABLES;

--
-- Table structure for table `product`
--

DROP TABLE IF EXISTS `product`;
/*!40101 SET @saved_cs_client     = @@character_set_client */;
/*!50503 SET character_set_client = utf8mb4 */;
CREATE TABLE `product` (
  `Id` int NOT NULL AUTO_INCREMENT,
  `RecordStatus` int NOT NULL,
  `CreatedBy` longtext CHARACTER SET utf8mb4 COLLATE utf8mb4_0900_ai_ci,
  `CreatedDate` datetime(6) NOT NULL,
  `ModifiedBy` longtext CHARACTER SET utf8mb4 COLLATE utf8mb4_0900_ai_ci,
  `ModifiedDate` datetime(6) DEFAULT NULL,
  `Name` longtext CHARACTER SET utf8mb4 COLLATE utf8mb4_0900_ai_ci,
  `Description` longtext CHARACTER SET utf8mb4 COLLATE utf8mb4_0900_ai_ci,
  `SortingOrder` int NOT NULL,
  `GroupId` int DEFAULT NULL,
  PRIMARY KEY (`Id`),
  KEY `IX_Product_GroupId` (`GroupId`),
  CONSTRAINT `FK_Product_Group_GroupId` FOREIGN KEY (`GroupId`) REFERENCES `group` (`Id`) ON DELETE RESTRICT
) ENGINE=InnoDB AUTO_INCREMENT=32 DEFAULT CHARSET=utf8mb4 COLLATE=utf8mb4_0900_ai_ci;
/*!40101 SET character_set_client = @saved_cs_client */;

--
-- Dumping data for table `product`
--

LOCK TABLES `product` WRITE;
/*!40000 ALTER TABLE `product` DISABLE KEYS */;
INSERT INTO `product` VALUES (10,3,NULL,'2020-08-06 11:56:56.056074',NULL,NULL,'fgdgdfdgf','sgfdgfgfg',0,1),(11,1,NULL,'2020-08-06 12:17:04.057979',NULL,NULL,'Buy Small Amounts','Buy Small Amounts',0,1),(12,1,NULL,'2020-08-06 19:40:17.236743',NULL,NULL,'Buy Min','Buy Min',0,1),(13,3,NULL,'2020-08-07 13:26:15.756488',NULL,NULL,'product product','group 2 description',0,2),(14,1,NULL,'2020-08-09 17:54:57.469107',NULL,NULL,'Sell Min','Sell Min',0,2),(15,1,NULL,'2020-08-09 18:17:19.937239',NULL,NULL,'Sell Max','Sell Max',0,2),(16,3,NULL,'2020-08-10 09:40:15.614111',NULL,NULL,'chalana  rvresvevfvsv','svrvvbtbsbbsbfbfb',0,3),(17,3,NULL,'2020-08-10 09:43:02.178433',NULL,NULL,'gregrgsegrgrgs','rgggrgsgrgrgrgrgrhhh',0,2),(18,3,NULL,'2020-08-10 09:53:03.548834',NULL,NULL,'vsdfvvfdvdvfvsfvddvvfdvfsvfd','fvfdvvffdsvfdv',0,4),(19,3,NULL,'2020-08-10 10:24:26.824614',NULL,NULL,'mummtymyummum','mytmumtmymumttuyuyumumyt',0,2),(20,3,NULL,'2020-08-10 10:29:36.860973',NULL,NULL,'vvfevewerwevrvrervvrrew','vewrvvtrvretfcesacec',0,4),(21,3,NULL,'2020-08-10 11:05:09.706813',NULL,NULL,'fhhfdhfshfsdh','hfdhshfshdh',0,2),(22,3,NULL,'2020-08-10 12:33:14.001025',NULL,NULL,'Habtoor Grand Resort, Autograph Collection','descrption ',0,2),(23,1,NULL,'2020-08-10 12:37:17.893465',NULL,NULL,'Buy Max','Buy Max',0,1),(24,1,NULL,'2020-08-11 21:00:11.876106',NULL,NULL,'Bank Account','Bank Account',0,3),(25,1,NULL,'2020-08-12 14:16:56.262957',NULL,NULL,'No product','No Product',0,4),(26,1,NULL,'2020-08-12 14:18:05.909526',NULL,NULL,'No Product','No Product',0,6),(27,1,NULL,'2020-08-13 14:26:26.267825',NULL,NULL,'Cash Pick up','Cash Pick up',0,5),(28,3,NULL,'2020-08-14 13:11:13.926992',NULL,NULL,'ggtrggteggre','getgrtegt',0,5),(29,3,NULL,'2020-08-14 15:05:52.908101',NULL,NULL,'thtrhrhththhtrhtthtrre','trehthtr',0,2),(30,3,NULL,'2020-08-14 15:08:14.735088',NULL,NULL,'Habtoor Grand Resort, Autograph Collection','ffsfdffdsfdf',0,6),(31,3,NULL,'2020-08-14 15:09:40.074159',NULL,NULL,'chalana','rewrererwe',0,5);
/*!40000 ALTER TABLE `product` ENABLE KEYS */;
UNLOCK TABLES;

--
-- Table structure for table `productcurrency`
--

DROP TABLE IF EXISTS `productcurrency`;
/*!40101 SET @saved_cs_client     = @@character_set_client */;
/*!50503 SET character_set_client = utf8mb4 */;
CREATE TABLE `productcurrency` (
  `Id` int NOT NULL AUTO_INCREMENT,
  `RecordStatus` int NOT NULL,
  `CreatedBy` longtext CHARACTER SET utf8mb4 COLLATE utf8mb4_0900_ai_ci,
  `CreatedDate` datetime(6) NOT NULL,
  `ModifiedBy` longtext CHARACTER SET utf8mb4 COLLATE utf8mb4_0900_ai_ci,
  `ModifiedDate` datetime(6) DEFAULT NULL,
  `ToCurrencyId` int NOT NULL,
  `ToCurrencyCode` longtext CHARACTER SET utf8mb4 COLLATE utf8mb4_0900_ai_ci,
  `Multiplier` decimal(65,30) DEFAULT NULL,
  `ProductId` int NOT NULL,
  `FromCurrencyId` int NOT NULL,
  `FromCurrencyCode` longtext CHARACTER SET utf8mb4 COLLATE utf8mb4_0900_ai_ci,
  `UpdatedBy` longtext,
  `LastUpdatedDate` datetime(6) DEFAULT NULL,
  `IsManualoverride` tinyint DEFAULT '0',
  `OverrideValue` decimal(65,30) DEFAULT NULL,
  PRIMARY KEY (`Id`),
  KEY `IX_ProductCurrency_FromCurrencyId` (`FromCurrencyId`),
  KEY `IX_ProductCurrency_ProductId` (`ProductId`),
  KEY `IX_ProductCurrency_ToCurrencyId` (`ToCurrencyId`),
  CONSTRAINT `FK_ProductCurrency_Currency_FromCurrencyId` FOREIGN KEY (`FromCurrencyId`) REFERENCES `currency` (`Id`) ON DELETE CASCADE,
  CONSTRAINT `FK_ProductCurrency_Currency_ToCurrencyId` FOREIGN KEY (`ToCurrencyId`) REFERENCES `currency` (`Id`) ON DELETE CASCADE,
  CONSTRAINT `FK_ProductCurrency_Product_ProductId` FOREIGN KEY (`ProductId`) REFERENCES `product` (`Id`) ON DELETE CASCADE
) ENGINE=InnoDB AUTO_INCREMENT=41 DEFAULT CHARSET=utf8mb4 COLLATE=utf8mb4_0900_ai_ci;
/*!40101 SET character_set_client = @saved_cs_client */;

--
-- Dumping data for table `productcurrency`
--

LOCK TABLES `productcurrency` WRITE;
/*!40000 ALTER TABLE `productcurrency` DISABLE KEYS */;
INSERT INTO `productcurrency` VALUES (1,1,NULL,'2020-08-06 12:17:04.713797',NULL,NULL,19,'USD',1.028800000000000000000000000000,11,1,'AUD',NULL,NULL,0,NULL),(2,1,NULL,'2020-08-06 19:40:17.689135',NULL,NULL,50,'USD',1.024400000000000000000000000000,12,1,'AUD',NULL,NULL,0,NULL),(3,1,NULL,'2020-08-06 00:00:00.000000',NULL,NULL,53,'EUR',1.045500000000000000000000000000,12,1,'AUD',NULL,NULL,0,NULL),(4,1,NULL,'2020-08-07 13:26:16.204707',NULL,NULL,2,'LKR',2.000000000000000000000000000000,13,1,'AUD',NULL,NULL,0,NULL),(5,1,NULL,'2020-08-09 17:54:57.753132',NULL,NULL,19,'USD',0.965500000000000000000000000000,14,1,'AUD',NULL,NULL,0,NULL),(6,1,NULL,'2020-08-09 18:17:20.248789',NULL,NULL,19,'USD',0.970000000000000000000000000000,15,1,'AUD','','2020-11-09 23:23:42.822578',1,120.000000000000000000000000000000),(7,1,NULL,'2020-08-09 18:28:01.575111',NULL,NULL,53,'EUR',0.966600000000000000000000000000,15,1,'AUD',NULL,NULL,0,NULL),(8,1,NULL,'2020-08-10 00:09:05.712816',NULL,NULL,54,'GBP',1.041100000000000000000000000000,12,1,'AUD',NULL,NULL,0,NULL),(12,1,NULL,'2020-08-10 12:33:14.032657',NULL,NULL,2,'LKR',4.500000000000000000000000000000,22,1,'AUD',NULL,NULL,0,NULL),(13,1,NULL,'2020-08-10 12:37:17.910643',NULL,NULL,19,'USD',1.020000000000000000000000000000,23,1,'AUD',NULL,NULL,0,NULL),(14,1,NULL,'2020-08-10 12:37:17.931623',NULL,NULL,53,'EUR',1.025700000000000000000000000000,23,1,'AUD',NULL,NULL,0,NULL),(15,1,NULL,'2020-08-10 15:12:52.503247',NULL,NULL,53,'EUR',1.055000000000000000000000000000,11,1,'AUD',NULL,NULL,0,NULL),(16,1,NULL,'2020-08-11 21:00:11.922130',NULL,NULL,19,'USD',0.981000000000000000000000000000,24,1,'AUD',NULL,NULL,0,NULL),(17,1,NULL,'2020-08-12 14:16:56.539668',NULL,NULL,19,'USD',0.670500000000000000000000000000,25,1,'AUD',NULL,NULL,0,NULL),(18,1,NULL,'2020-08-12 14:18:05.933946',NULL,NULL,19,'USD',0.965000000000000000000000000000,26,1,'AUD',NULL,NULL,0,NULL),(20,1,NULL,'2020-08-12 16:43:48.423191',NULL,NULL,54,'GBP',1.043000000000000000000000000000,11,1,'AUD',NULL,NULL,0,NULL),(21,1,NULL,'2020-08-13 14:26:26.386721',NULL,NULL,19,'USD',0.950000000000000000000000000000,27,1,'AUD',NULL,NULL,0,NULL),(22,1,NULL,'2020-08-14 09:47:23.647533',NULL,NULL,54,'GBP',1.028000000000000000000000000000,23,1,'AUD',NULL,NULL,0,NULL),(23,1,NULL,'2020-08-14 09:52:12.019099',NULL,NULL,53,'EUR',0.965500000000000000000000000000,14,1,'AUD',NULL,NULL,0,NULL),(24,1,NULL,'2020-08-14 09:52:12.040364',NULL,NULL,54,'GBP',0.963300000000000000000000000000,14,1,'AUD',NULL,NULL,0,NULL),(25,1,NULL,'2020-08-14 09:54:11.417495',NULL,NULL,54,'GBP',0.966600000000000000000000000000,15,1,'AUD',NULL,NULL,0,NULL),(26,1,NULL,'2020-08-14 09:58:06.419213',NULL,NULL,53,'EUR',0.978000000000000000000000000000,24,1,'AUD',NULL,NULL,0,NULL),(27,1,NULL,'2020-08-14 09:58:06.437178',NULL,NULL,54,'GBP',0.997000000000000000000000000000,24,1,'AUD',NULL,NULL,0,NULL),(28,1,NULL,'2020-08-14 09:58:06.456632',NULL,NULL,2,'LKR',0.990000000000000000000000000000,24,1,'AUD',NULL,NULL,0,NULL),(29,1,NULL,'2020-08-14 09:58:06.477162',NULL,NULL,21,'INR',0.974300000000000000000000000000,24,1,'AUD',NULL,NULL,0,NULL),(30,1,NULL,'2020-08-14 09:58:06.495873',NULL,NULL,36,'PKR',0.998300000000000000000000000000,24,1,'AUD',NULL,NULL,0,NULL),(31,1,NULL,'2020-08-14 10:00:20.472535',NULL,NULL,54,'GBP',0.003000000000000000000000000000,27,1,'AUD',NULL,NULL,0,NULL),(32,1,NULL,'2020-08-14 10:00:20.488148',NULL,NULL,2,'LKR',0.300000000000000000000000000000,27,1,'AUD',NULL,NULL,0,NULL),(33,1,NULL,'2020-08-14 10:00:20.504729',NULL,NULL,21,'INR',0.300000000000000000000000000000,27,1,'AUD',NULL,NULL,0,NULL),(34,1,NULL,'2020-08-14 10:00:20.530295',NULL,NULL,36,'PKR',0.400000000000000000000000000000,27,1,'AUD',NULL,NULL,0,NULL),(35,1,NULL,'2020-08-14 10:02:27.454955',NULL,NULL,2,'LKR',0.300000000000000000000000000000,25,1,'AUD',NULL,NULL,0,NULL),(36,1,NULL,'2020-08-14 10:02:27.472028',NULL,NULL,21,'INR',1.000000000000000000000000000000,25,1,'AUD',NULL,NULL,0,NULL),(37,1,NULL,'2020-08-14 13:11:14.259524',NULL,NULL,19,'USD',5.680000000000000000000000000000,28,1,'AUD',NULL,NULL,0,NULL),(38,1,NULL,'2020-08-14 15:05:53.192260',NULL,NULL,20,'ILS',7.689000000000000000000000000000,29,1,'AUD',NULL,NULL,0,NULL),(39,1,NULL,'2020-08-14 15:08:14.761901',NULL,NULL,20,'ILS',3.456789000000000000000000000000,30,1,'AUD',NULL,NULL,0,NULL),(40,1,NULL,'2020-08-14 15:09:40.095816',NULL,NULL,16,'HKD',3.678900000000000000000000000000,31,1,'AUD',NULL,NULL,0,NULL);
/*!40000 ALTER TABLE `productcurrency` ENABLE KEYS */;
UNLOCK TABLES;

--
-- Table structure for table `rateprovider`
--

DROP TABLE IF EXISTS `rateprovider`;
/*!40101 SET @saved_cs_client     = @@character_set_client */;
/*!50503 SET character_set_client = utf8mb4 */;
CREATE TABLE `rateprovider` (
  `Id` int NOT NULL AUTO_INCREMENT,
  `Name` longtext CHARACTER SET utf8mb4 COLLATE utf8mb4_0900_ai_ci,
  PRIMARY KEY (`Id`)
) ENGINE=InnoDB AUTO_INCREMENT=4 DEFAULT CHARSET=utf8mb4 COLLATE=utf8mb4_0900_ai_ci;
/*!40101 SET character_set_client = @saved_cs_client */;

--
-- Dumping data for table `rateprovider`
--

LOCK TABLES `rateprovider` WRITE;
/*!40000 ALTER TABLE `rateprovider` DISABLE KEYS */;
INSERT INTO `rateprovider` VALUES (1,'Currencycloud'),(2,'Currencycloud2'),(3,'Currencylayer');
/*!40000 ALTER TABLE `rateprovider` ENABLE KEYS */;
UNLOCK TABLES;

--
-- Table structure for table `rateprovidercurencies`
--

DROP TABLE IF EXISTS `rateprovidercurencies`;
/*!40101 SET @saved_cs_client     = @@character_set_client */;
/*!50503 SET character_set_client = utf8mb4 */;
CREATE TABLE `rateprovidercurencies` (
  `Id` int NOT NULL AUTO_INCREMENT,
  `FromCurrencyId` int NOT NULL,
  `ToCurrencyId` int NOT NULL,
  `RateProviderId` int NOT NULL,
  `FromCurrencyCode` longtext CHARACTER SET utf8mb4 COLLATE utf8mb4_0900_ai_ci,
  `ToCurrencyCode` longtext CHARACTER SET utf8mb4 COLLATE utf8mb4_0900_ai_ci,
  PRIMARY KEY (`Id`),
  KEY `IX_RateProviderCurencies_FromCurrencyId` (`FromCurrencyId`),
  KEY `IX_RateProviderCurencies_RateProviderId` (`RateProviderId`),
  KEY `IX_RateProviderCurencies_ToCurrencyId` (`ToCurrencyId`),
  CONSTRAINT `FK_RateProviderCurencies_Currency_FromCurrencyId` FOREIGN KEY (`FromCurrencyId`) REFERENCES `currency` (`Id`) ON DELETE CASCADE,
  CONSTRAINT `FK_RateProviderCurencies_Currency_ToCurrencyId` FOREIGN KEY (`ToCurrencyId`) REFERENCES `currency` (`Id`) ON DELETE CASCADE,
  CONSTRAINT `FK_RateProviderCurencies_RateProvider_RateProviderId` FOREIGN KEY (`RateProviderId`) REFERENCES `rateprovider` (`Id`) ON DELETE CASCADE
) ENGINE=InnoDB AUTO_INCREMENT=10 DEFAULT CHARSET=utf8mb4 COLLATE=utf8mb4_0900_ai_ci;
/*!40101 SET character_set_client = @saved_cs_client */;

--
-- Dumping data for table `rateprovidercurencies`
--

LOCK TABLES `rateprovidercurencies` WRITE;
/*!40000 ALTER TABLE `rateprovidercurencies` DISABLE KEYS */;
INSERT INTO `rateprovidercurencies` VALUES (1,1,19,1,'AUD','USD'),(2,1,50,1,'AUD','USD'),(3,1,53,3,'AUD','EUR'),(4,1,2,3,'AUD','LKR'),(5,1,54,3,'AUD','GBP'),(6,1,21,3,'AUD','INR'),(7,1,36,3,'AUD','PKR'),(8,1,20,3,'AUD','ILS'),(9,1,16,3,'AUD','HKD');
/*!40000 ALTER TABLE `rateprovidercurencies` ENABLE KEYS */;
UNLOCK TABLES;

--
-- Table structure for table `ratesnapshot`
--

DROP TABLE IF EXISTS `ratesnapshot`;
/*!40101 SET @saved_cs_client     = @@character_set_client */;
/*!50503 SET character_set_client = utf8mb4 */;
CREATE TABLE `ratesnapshot` (
  `Id` int NOT NULL AUTO_INCREMENT,
  `RecordStatus` int NOT NULL,
  `CreatedBy` longtext CHARACTER SET utf8mb4 COLLATE utf8mb4_0900_ai_ci,
  `CreatedDate` datetime(6) NOT NULL,
  `ModifiedBy` longtext CHARACTER SET utf8mb4 COLLATE utf8mb4_0900_ai_ci,
  `ModifiedDate` datetime(6) DEFAULT NULL,
  `Date` datetime(6) NOT NULL,
  `Hour` int NOT NULL,
  `Minute` int NOT NULL,
  `Username` longtext CHARACTER SET utf8mb4 COLLATE utf8mb4_0900_ai_ci,
  PRIMARY KEY (`Id`)
) ENGINE=InnoDB AUTO_INCREMENT=35 DEFAULT CHARSET=utf8mb4 COLLATE=utf8mb4_0900_ai_ci;
/*!40101 SET character_set_client = @saved_cs_client */;

--
-- Dumping data for table `ratesnapshot`
--

LOCK TABLES `ratesnapshot` WRITE;
/*!40000 ALTER TABLE `ratesnapshot` DISABLE KEYS */;
INSERT INTO `ratesnapshot` VALUES (21,1,NULL,'2020-08-18 14:30:39.410673',NULL,NULL,'2020-08-18 09:00:39.410676',0,0,'admin'),(22,1,NULL,'2020-08-18 14:33:37.989656',NULL,NULL,'2020-08-18 09:03:37.989656',0,0,'admin'),(23,1,NULL,'2020-09-02 20:36:32.471685',NULL,NULL,'2020-09-02 15:06:32.471687',0,0,'admin'),(24,1,NULL,'2020-09-28 22:30:30.304865',NULL,NULL,'2020-09-28 17:00:30.304868',0,0,'admin'),(25,1,NULL,'2020-11-09 09:49:29.011634',NULL,NULL,'2020-11-09 04:19:29.011635',0,0,'admin'),(26,1,NULL,'2020-11-09 09:55:22.628530',NULL,NULL,'2020-11-09 04:25:22.628530',0,0,'admin'),(27,1,NULL,'2020-11-09 23:21:57.810252',NULL,NULL,'2020-11-09 17:51:57.810257',0,0,'admin'),(28,1,NULL,'2020-11-09 23:22:23.970775',NULL,NULL,'2020-11-09 17:52:23.970777',0,0,'admin'),(29,1,NULL,'2020-11-09 23:23:20.912501',NULL,NULL,'2020-11-09 17:53:20.912502',0,0,'admin'),(30,1,NULL,'2020-11-09 23:23:56.161708',NULL,NULL,'2020-11-09 17:53:56.161710',0,0,'admin'),(31,1,NULL,'2020-11-09 23:28:42.325093',NULL,NULL,'2020-11-09 17:58:43.506949',0,0,'admin'),(32,1,NULL,'2020-11-09 23:32:12.244003',NULL,NULL,'2020-11-09 18:02:12.244008',0,0,'admin'),(33,1,NULL,'2020-11-10 06:53:33.198337',NULL,NULL,'2020-11-10 01:23:33.198347',0,0,'admin'),(34,1,NULL,'2020-11-10 06:54:57.285132',NULL,NULL,'2020-11-10 01:24:57.285134',0,0,'admin');
/*!40000 ALTER TABLE `ratesnapshot` ENABLE KEYS */;
UNLOCK TABLES;
/*!40103 SET TIME_ZONE=@OLD_TIME_ZONE */;

/*!40101 SET SQL_MODE=@OLD_SQL_MODE */;
/*!40014 SET FOREIGN_KEY_CHECKS=@OLD_FOREIGN_KEY_CHECKS */;
/*!40014 SET UNIQUE_CHECKS=@OLD_UNIQUE_CHECKS */;
/*!40101 SET CHARACTER_SET_CLIENT=@OLD_CHARACTER_SET_CLIENT */;
/*!40101 SET CHARACTER_SET_RESULTS=@OLD_CHARACTER_SET_RESULTS */;
/*!40101 SET COLLATION_CONNECTION=@OLD_COLLATION_CONNECTION */;
/*!40111 SET SQL_NOTES=@OLD_SQL_NOTES */;

-- Dump completed on 2020-11-10  6:57:28
